<annotation>
	<folder>JPEGImages</folder>
	<filename>0001.jpg</filename>
	<path>D:\p\vococo\data_sved\JPEGImages\0001.jpg</path>
	<source>
		<database>Unknown</database>
	</source>
	<size>
		<width>128</width>
		<height>128</height>
		<depth>3</depth>
	</size>
	<segmented>0</segmented>
	<object>
		<name>alloviz</name>
		<pose>Unspecified</pose>
		<truncated>0</truncated>
		<difficult>0</difficult>
		<bndbox>
			<xmin>82</xmin>
			<ymin>73</ymin>
			<xmax>96</xmax>
			<ymax>91</ymax>
		</bndbox>
	</object>
	<object>
		<name>alloviz</name>
		<pose>Unspecified</pose>
		<truncated>0</truncated>
		<difficult>0</difficult>
		<bndbox>
			<xmin>33</xmin>
			<ymin>108</ymin>
			<xmax>41</xmax>
			<ymax>122</ymax>
		</bndbox>
	</object>
	<object>
		<name>alloviz</name>
		<pose>Unspecified</pose>
		<truncated>0</truncated>
		<difficult>0</difficult>
		<bndbox>
			<xmin>94</xmin>
			<ymin>6</ymin>
			<xmax>101</xmax>
			<ymax>14</ymax>
		</bndbox>
	</object>
</annotation>
