<annotation>
	<folder>JPEGImages</folder>
	<filename>0002.jpg</filename>
	<path>D:\p\vococo\data_sved\JPEGImages\0002.jpg</path>
	<source>
		<database>Unknown</database>
	</source>
	<size>
		<width>128</width>
		<height>128</height>
		<depth>3</depth>
	</size>
	<segmented>0</segmented>
	<object>
		<name>alloviz</name>
		<pose>Unspecified</pose>
		<truncated>0</truncated>
		<difficult>0</difficult>
		<bndbox>
			<xmin>42</xmin>
			<ymin>93</ymin>
			<xmax>55</xmax>
			<ymax>104</ymax>
		</bndbox>
	</object>
	<object>
		<name>alloviz</name>
		<pose>Unspecified</pose>
		<truncated>0</truncated>
		<difficult>0</difficult>
		<bndbox>
			<xmin>82</xmin>
			<ymin>24</ymin>
			<xmax>95</xmax>
			<ymax>35</ymax>
		</bndbox>
	</object>
</annotation>
