<annotation>
	<folder>JPEGImages</folder>
	<filename>0004.jpg</filename>
	<path>D:\p\vococo\data_sved\JPEGImages\0004.jpg</path>
	<source>
		<database>Unknown</database>
	</source>
	<size>
		<width>128</width>
		<height>128</height>
		<depth>3</depth>
	</size>
	<segmented>0</segmented>
	<object>
		<name>alloviz</name>
		<pose>Unspecified</pose>
		<truncated>0</truncated>
		<difficult>0</difficult>
		<bndbox>
			<xmin>42</xmin>
			<ymin>61</ymin>
			<xmax>74</xmax>
			<ymax>75</ymax>
		</bndbox>
	</object>
	<object>
		<name>alloviz</name>
		<pose>Unspecified</pose>
		<truncated>1</truncated>
		<difficult>0</difficult>
		<bndbox>
			<xmin>76</xmin>
			<ymin>1</ymin>
			<xmax>99</xmax>
			<ymax>20</ymax>
		</bndbox>
	</object>
</annotation>
