<annotation>
	<folder>JPEGImages</folder>
	<filename>0036.jpg</filename>
	<path>D:\p\vococo\data_sved\JPEGImages\0036.jpg</path>
	<source>
		<database>Unknown</database>
	</source>
	<size>
		<width>128</width>
		<height>128</height>
		<depth>3</depth>
	</size>
	<segmented>0</segmented>
	<object>
		<name>alloviz</name>
		<pose>Unspecified</pose>
		<truncated>0</truncated>
		<difficult>0</difficult>
		<bndbox>
			<xmin>19</xmin>
			<ymin>39</ymin>
			<xmax>81</xmax>
			<ymax>82</ymax>
		</bndbox>
	</object>
	<object>
		<name>alloviz</name>
		<pose>Unspecified</pose>
		<truncated>0</truncated>
		<difficult>0</difficult>
		<bndbox>
			<xmin>105</xmin>
			<ymin>16</ymin>
			<xmax>119</xmax>
			<ymax>31</ymax>
		</bndbox>
	</object>
</annotation>
