<annotation>
	<folder>JPEGImages</folder>
	<filename>0063.jpg</filename>
	<path>D:\p\vococo\data_sved\JPEGImages\0063.jpg</path>
	<source>
		<database>Unknown</database>
	</source>
	<size>
		<width>128</width>
		<height>128</height>
		<depth>3</depth>
	</size>
	<segmented>0</segmented>
	<object>
		<name>alloviz</name>
		<pose>Unspecified</pose>
		<truncated>0</truncated>
		<difficult>0</difficult>
		<bndbox>
			<xmin>58</xmin>
			<ymin>80</ymin>
			<xmax>73</xmax>
			<ymax>100</ymax>
		</bndbox>
	</object>
	<object>
		<name>alloviz</name>
		<pose>Unspecified</pose>
		<truncated>0</truncated>
		<difficult>0</difficult>
		<bndbox>
			<xmin>80</xmin>
			<ymin>91</ymin>
			<xmax>89</xmax>
			<ymax>98</ymax>
		</bndbox>
	</object>
</annotation>
