<annotation>
	<folder>JPEGImages</folder>
	<filename>0075.jpg</filename>
	<path>D:\p\vococo\data_sved\JPEGImages\0075.jpg</path>
	<source>
		<database>Unknown</database>
	</source>
	<size>
		<width>128</width>
		<height>128</height>
		<depth>3</depth>
	</size>
	<segmented>0</segmented>
	<object>
		<name>alloviz</name>
		<pose>Unspecified</pose>
		<truncated>0</truncated>
		<difficult>0</difficult>
		<bndbox>
			<xmin>31</xmin>
			<ymin>49</ymin>
			<xmax>62</xmax>
			<ymax>79</ymax>
		</bndbox>
	</object>
	<object>
		<name>alloviz</name>
		<pose>Unspecified</pose>
		<truncated>0</truncated>
		<difficult>0</difficult>
		<bndbox>
			<xmin>71</xmin>
			<ymin>69</ymin>
			<xmax>95</xmax>
			<ymax>89</ymax>
		</bndbox>
	</object>
</annotation>
