<annotation>
	<folder>JPEGImages</folder>
	<filename>0079.jpg</filename>
	<path>D:\p\vococo\data_sved\JPEGImages\0079.jpg</path>
	<source>
		<database>Unknown</database>
	</source>
	<size>
		<width>128</width>
		<height>128</height>
		<depth>3</depth>
	</size>
	<segmented>0</segmented>
	<object>
		<name>alloviz</name>
		<pose>Unspecified</pose>
		<truncated>0</truncated>
		<difficult>0</difficult>
		<bndbox>
			<xmin>98</xmin>
			<ymin>63</ymin>
			<xmax>114</xmax>
			<ymax>84</ymax>
		</bndbox>
	</object>
</annotation>
