<annotation>
	<folder>JPEGImages</folder>
	<filename>0088.jpg</filename>
	<path>D:\p\vococo\data_sved\JPEGImages\0088.jpg</path>
	<source>
		<database>Unknown</database>
	</source>
	<size>
		<width>128</width>
		<height>128</height>
		<depth>3</depth>
	</size>
	<segmented>0</segmented>
	<object>
		<name>alloviz</name>
		<pose>Unspecified</pose>
		<truncated>0</truncated>
		<difficult>0</difficult>
		<bndbox>
			<xmin>54</xmin>
			<ymin>48</ymin>
			<xmax>71</xmax>
			<ymax>79</ymax>
		</bndbox>
	</object>
	<object>
		<name>alloviz</name>
		<pose>Unspecified</pose>
		<truncated>1</truncated>
		<difficult>0</difficult>
		<bndbox>
			<xmin>119</xmin>
			<ymin>17</ymin>
			<xmax>128</xmax>
			<ymax>27</ymax>
		</bndbox>
	</object>
</annotation>
