<annotation>
	<folder>JPEGImages</folder>
	<filename>0093.jpg</filename>
	<path>D:\p\vococo\data_sved\JPEGImages\0093.jpg</path>
	<source>
		<database>Unknown</database>
	</source>
	<size>
		<width>128</width>
		<height>128</height>
		<depth>3</depth>
	</size>
	<segmented>0</segmented>
	<object>
		<name>alloviz</name>
		<pose>Unspecified</pose>
		<truncated>0</truncated>
		<difficult>0</difficult>
		<bndbox>
			<xmin>31</xmin>
			<ymin>44</ymin>
			<xmax>103</xmax>
			<ymax>85</ymax>
		</bndbox>
	</object>
	<object>
		<name>alloviz</name>
		<pose>Unspecified</pose>
		<truncated>0</truncated>
		<difficult>0</difficult>
		<bndbox>
			<xmin>86</xmin>
			<ymin>32</ymin>
			<xmax>95</xmax>
			<ymax>44</ymax>
		</bndbox>
	</object>
</annotation>
