<annotation>
	<folder>JPEGImages</folder>
	<filename>0098.jpg</filename>
	<path>D:\p\vococo\data_sved\JPEGImages\0098.jpg</path>
	<source>
		<database>Unknown</database>
	</source>
	<size>
		<width>128</width>
		<height>128</height>
		<depth>3</depth>
	</size>
	<segmented>0</segmented>
	<object>
		<name>alloviz</name>
		<pose>Unspecified</pose>
		<truncated>0</truncated>
		<difficult>0</difficult>
		<bndbox>
			<xmin>35</xmin>
			<ymin>35</ymin>
			<xmax>93</xmax>
			<ymax>86</ymax>
		</bndbox>
	</object>
	<object>
		<name>alloviz</name>
		<pose>Unspecified</pose>
		<truncated>1</truncated>
		<difficult>0</difficult>
		<bndbox>
			<xmin>50</xmin>
			<ymin>108</ymin>
			<xmax>63</xmax>
			<ymax>128</ymax>
		</bndbox>
	</object>
</annotation>
