<annotation>
	<folder>JPEGImages</folder>
	<filename>0143.jpg</filename>
	<path>D:\p\vococo\data_sved\JPEGImages\0143.jpg</path>
	<source>
		<database>Unknown</database>
	</source>
	<size>
		<width>128</width>
		<height>128</height>
		<depth>3</depth>
	</size>
	<segmented>0</segmented>
	<object>
		<name>alloviz</name>
		<pose>Unspecified</pose>
		<truncated>0</truncated>
		<difficult>0</difficult>
		<bndbox>
			<xmin>18</xmin>
			<ymin>16</ymin>
			<xmax>63</xmax>
			<ymax>57</ymax>
		</bndbox>
	</object>
	<object>
		<name>alloviz</name>
		<pose>Unspecified</pose>
		<truncated>0</truncated>
		<difficult>0</difficult>
		<bndbox>
			<xmin>119</xmin>
			<ymin>94</ymin>
			<xmax>126</xmax>
			<ymax>104</ymax>
		</bndbox>
	</object>
</annotation>
