<annotation>
	<folder>JPEGImages</folder>
	<filename>0145.jpg</filename>
	<path>D:\p\vococo\data_sved\JPEGImages\0145.jpg</path>
	<source>
		<database>Unknown</database>
	</source>
	<size>
		<width>128</width>
		<height>128</height>
		<depth>3</depth>
	</size>
	<segmented>0</segmented>
	<object>
		<name>alloviz</name>
		<pose>Unspecified</pose>
		<truncated>0</truncated>
		<difficult>0</difficult>
		<bndbox>
			<xmin>46</xmin>
			<ymin>25</ymin>
			<xmax>55</xmax>
			<ymax>40</ymax>
		</bndbox>
	</object>
	<object>
		<name>alloviz</name>
		<pose>Unspecified</pose>
		<truncated>0</truncated>
		<difficult>0</difficult>
		<bndbox>
			<xmin>45</xmin>
			<ymin>42</ymin>
			<xmax>60</xmax>
			<ymax>63</ymax>
		</bndbox>
	</object>
	<object>
		<name>alloviz</name>
		<pose>Unspecified</pose>
		<truncated>1</truncated>
		<difficult>0</difficult>
		<bndbox>
			<xmin>9</xmin>
			<ymin>101</ymin>
			<xmax>22</xmax>
			<ymax>128</ymax>
		</bndbox>
	</object>
</annotation>
