<annotation>
	<folder>JPEGImages</folder>
	<filename>0173.jpg</filename>
	<path>D:\p\vococo\data_sved\JPEGImages\0173.jpg</path>
	<source>
		<database>Unknown</database>
	</source>
	<size>
		<width>128</width>
		<height>128</height>
		<depth>3</depth>
	</size>
	<segmented>0</segmented>
	<object>
		<name>alloviz</name>
		<pose>Unspecified</pose>
		<truncated>0</truncated>
		<difficult>0</difficult>
		<bndbox>
			<xmin>41</xmin>
			<ymin>25</ymin>
			<xmax>56</xmax>
			<ymax>47</ymax>
		</bndbox>
	</object>
	<object>
		<name>alloviz</name>
		<pose>Unspecified</pose>
		<truncated>0</truncated>
		<difficult>0</difficult>
		<bndbox>
			<xmin>86</xmin>
			<ymin>57</ymin>
			<xmax>112</xmax>
			<ymax>90</ymax>
		</bndbox>
	</object>
</annotation>
