<annotation>
	<folder>JPEGImages</folder>
	<filename>0178.jpg</filename>
	<path>D:\p\vococo\data_sved\JPEGImages\0178.jpg</path>
	<source>
		<database>Unknown</database>
	</source>
	<size>
		<width>128</width>
		<height>128</height>
		<depth>3</depth>
	</size>
	<segmented>0</segmented>
	<object>
		<name>alloviz</name>
		<pose>Unspecified</pose>
		<truncated>0</truncated>
		<difficult>0</difficult>
		<bndbox>
			<xmin>67</xmin>
			<ymin>7</ymin>
			<xmax>97</xmax>
			<ymax>68</ymax>
		</bndbox>
	</object>
	<object>
		<name>alloviz</name>
		<pose>Unspecified</pose>
		<truncated>0</truncated>
		<difficult>0</difficult>
		<bndbox>
			<xmin>53</xmin>
			<ymin>72</ymin>
			<xmax>78</xmax>
			<ymax>113</ymax>
		</bndbox>
	</object>
</annotation>
