<annotation>
	<folder>JPEGImages</folder>
	<filename>0179.jpg</filename>
	<path>D:\p\vococo\data_sved\JPEGImages\0179.jpg</path>
	<source>
		<database>Unknown</database>
	</source>
	<size>
		<width>128</width>
		<height>128</height>
		<depth>3</depth>
	</size>
	<segmented>0</segmented>
	<object>
		<name>alloviz</name>
		<pose>Unspecified</pose>
		<truncated>0</truncated>
		<difficult>0</difficult>
		<bndbox>
			<xmin>37</xmin>
			<ymin>25</ymin>
			<xmax>55</xmax>
			<ymax>53</ymax>
		</bndbox>
	</object>
	<object>
		<name>alloviz</name>
		<pose>Unspecified</pose>
		<truncated>0</truncated>
		<difficult>0</difficult>
		<bndbox>
			<xmin>68</xmin>
			<ymin>80</ymin>
			<xmax>89</xmax>
			<ymax>107</ymax>
		</bndbox>
	</object>
</annotation>
