<annotation>
	<folder>JPEGImages</folder>
	<filename>0187.jpg</filename>
	<path>D:\p\vococo\data_sved\JPEGImages\0187.jpg</path>
	<source>
		<database>Unknown</database>
	</source>
	<size>
		<width>128</width>
		<height>128</height>
		<depth>3</depth>
	</size>
	<segmented>0</segmented>
	<object>
		<name>alloviz</name>
		<pose>Unspecified</pose>
		<truncated>0</truncated>
		<difficult>0</difficult>
		<bndbox>
			<xmin>14</xmin>
			<ymin>20</ymin>
			<xmax>21</xmax>
			<ymax>28</ymax>
		</bndbox>
	</object>
	<object>
		<name>alloviz</name>
		<pose>Unspecified</pose>
		<truncated>0</truncated>
		<difficult>0</difficult>
		<bndbox>
			<xmin>35</xmin>
			<ymin>53</ymin>
			<xmax>85</xmax>
			<ymax>95</ymax>
		</bndbox>
	</object>
</annotation>
