<annotation>
	<folder>JPEGImages</folder>
	<filename>0190.jpg</filename>
	<path>D:\p\vococo\data_sved\JPEGImages\0190.jpg</path>
	<source>
		<database>Unknown</database>
	</source>
	<size>
		<width>128</width>
		<height>128</height>
		<depth>3</depth>
	</size>
	<segmented>0</segmented>
	<object>
		<name>alloviz</name>
		<pose>Unspecified</pose>
		<truncated>0</truncated>
		<difficult>0</difficult>
		<bndbox>
			<xmin>39</xmin>
			<ymin>60</ymin>
			<xmax>49</xmax>
			<ymax>67</ymax>
		</bndbox>
	</object>
	<object>
		<name>alloviz</name>
		<pose>Unspecified</pose>
		<truncated>0</truncated>
		<difficult>0</difficult>
		<bndbox>
			<xmin>72</xmin>
			<ymin>48</ymin>
			<xmax>92</xmax>
			<ymax>73</ymax>
		</bndbox>
	</object>
</annotation>
