<annotation>
	<folder>JPEGImages</folder>
	<filename>0192.jpg</filename>
	<path>D:\p\vococo\data_sved\JPEGImages\0192.jpg</path>
	<source>
		<database>Unknown</database>
	</source>
	<size>
		<width>128</width>
		<height>128</height>
		<depth>3</depth>
	</size>
	<segmented>0</segmented>
	<object>
		<name>alloviz</name>
		<pose>Unspecified</pose>
		<truncated>0</truncated>
		<difficult>0</difficult>
		<bndbox>
			<xmin>36</xmin>
			<ymin>36</ymin>
			<xmax>50</xmax>
			<ymax>46</ymax>
		</bndbox>
	</object>
	<object>
		<name>alloviz</name>
		<pose>Unspecified</pose>
		<truncated>0</truncated>
		<difficult>0</difficult>
		<bndbox>
			<xmin>52</xmin>
			<ymin>52</ymin>
			<xmax>77</xmax>
			<ymax>69</ymax>
		</bndbox>
	</object>
	<object>
		<name>alloviz</name>
		<pose>Unspecified</pose>
		<truncated>0</truncated>
		<difficult>0</difficult>
		<bndbox>
			<xmin>10</xmin>
			<ymin>93</ymin>
			<xmax>30</xmax>
			<ymax>113</ymax>
		</bndbox>
	</object>
</annotation>
