<annotation>
	<folder>JPEGImages</folder>
	<filename>0204.jpg</filename>
	<path>D:\p\vococo\data_sved\JPEGImages\0204.jpg</path>
	<source>
		<database>Unknown</database>
	</source>
	<size>
		<width>128</width>
		<height>128</height>
		<depth>3</depth>
	</size>
	<segmented>0</segmented>
	<object>
		<name>alloviz</name>
		<pose>Unspecified</pose>
		<truncated>0</truncated>
		<difficult>0</difficult>
		<bndbox>
			<xmin>63</xmin>
			<ymin>24</ymin>
			<xmax>81</xmax>
			<ymax>41</ymax>
		</bndbox>
	</object>
	<object>
		<name>alloviz</name>
		<pose>Unspecified</pose>
		<truncated>0</truncated>
		<difficult>0</difficult>
		<bndbox>
			<xmin>51</xmin>
			<ymin>80</ymin>
			<xmax>61</xmax>
			<ymax>102</ymax>
		</bndbox>
	</object>
</annotation>
