<annotation>
	<folder>JPEGImages</folder>
	<filename>0217.jpg</filename>
	<path>D:\p\vococo\data_sved\JPEGImages\0217.jpg</path>
	<source>
		<database>Unknown</database>
	</source>
	<size>
		<width>128</width>
		<height>128</height>
		<depth>3</depth>
	</size>
	<segmented>0</segmented>
	<object>
		<name>alloviz</name>
		<pose>Unspecified</pose>
		<truncated>1</truncated>
		<difficult>0</difficult>
		<bndbox>
			<xmin>16</xmin>
			<ymin>119</ymin>
			<xmax>25</xmax>
			<ymax>128</ymax>
		</bndbox>
	</object>
	<object>
		<name>alloviz</name>
		<pose>Unspecified</pose>
		<truncated>0</truncated>
		<difficult>0</difficult>
		<bndbox>
			<xmin>12</xmin>
			<ymin>100</ymin>
			<xmax>56</xmax>
			<ymax>119</ymax>
		</bndbox>
	</object>
</annotation>
