<annotation>
	<folder>JPEGImages</folder>
	<filename>0227.jpg</filename>
	<path>D:\p\vococo\data_sved\JPEGImages\0227.jpg</path>
	<source>
		<database>Unknown</database>
	</source>
	<size>
		<width>128</width>
		<height>128</height>
		<depth>3</depth>
	</size>
	<segmented>0</segmented>
	<object>
		<name>alloviz</name>
		<pose>Unspecified</pose>
		<truncated>0</truncated>
		<difficult>0</difficult>
		<bndbox>
			<xmin>33</xmin>
			<ymin>32</ymin>
			<xmax>59</xmax>
			<ymax>75</ymax>
		</bndbox>
	</object>
	<object>
		<name>alloviz</name>
		<pose>Unspecified</pose>
		<truncated>1</truncated>
		<difficult>0</difficult>
		<bndbox>
			<xmin>109</xmin>
			<ymin>15</ymin>
			<xmax>128</xmax>
			<ymax>31</ymax>
		</bndbox>
	</object>
</annotation>
