<annotation>
	<folder>JPEGImages</folder>
	<filename>0241.jpg</filename>
	<path>D:\p\vococo\data_sved\JPEGImages\0241.jpg</path>
	<source>
		<database>Unknown</database>
	</source>
	<size>
		<width>128</width>
		<height>128</height>
		<depth>3</depth>
	</size>
	<segmented>0</segmented>
	<object>
		<name>alloviz</name>
		<pose>Unspecified</pose>
		<truncated>0</truncated>
		<difficult>0</difficult>
		<bndbox>
			<xmin>46</xmin>
			<ymin>21</ymin>
			<xmax>57</xmax>
			<ymax>35</ymax>
		</bndbox>
	</object>
	<object>
		<name>alloviz</name>
		<pose>Unspecified</pose>
		<truncated>0</truncated>
		<difficult>0</difficult>
		<bndbox>
			<xmin>71</xmin>
			<ymin>62</ymin>
			<xmax>107</xmax>
			<ymax>100</ymax>
		</bndbox>
	</object>
</annotation>
