<annotation>
	<folder>JPEGImages</folder>
	<filename>0244.jpg</filename>
	<path>D:\p\vococo\data_sved\JPEGImages\0244.jpg</path>
	<source>
		<database>Unknown</database>
	</source>
	<size>
		<width>128</width>
		<height>128</height>
		<depth>3</depth>
	</size>
	<segmented>0</segmented>
	<object>
		<name>alloviz</name>
		<pose>Unspecified</pose>
		<truncated>0</truncated>
		<difficult>0</difficult>
		<bndbox>
			<xmin>56</xmin>
			<ymin>39</ymin>
			<xmax>66</xmax>
			<ymax>49</ymax>
		</bndbox>
	</object>
</annotation>
