<annotation>
	<folder>JPEGImages</folder>
	<filename>0252.jpg</filename>
	<path>D:\p\vococo\data_sved\JPEGImages\0252.jpg</path>
	<source>
		<database>Unknown</database>
	</source>
	<size>
		<width>128</width>
		<height>128</height>
		<depth>3</depth>
	</size>
	<segmented>0</segmented>
	<object>
		<name>alloviz</name>
		<pose>Unspecified</pose>
		<truncated>0</truncated>
		<difficult>0</difficult>
		<bndbox>
			<xmin>32</xmin>
			<ymin>86</ymin>
			<xmax>42</xmax>
			<ymax>94</ymax>
		</bndbox>
	</object>
	<object>
		<name>alloviz</name>
		<pose>Unspecified</pose>
		<truncated>0</truncated>
		<difficult>0</difficult>
		<bndbox>
			<xmin>63</xmin>
			<ymin>36</ymin>
			<xmax>80</xmax>
			<ymax>53</ymax>
		</bndbox>
	</object>
</annotation>
