<annotation>
	<folder>JPEGImages</folder>
	<filename>0253.jpg</filename>
	<path>D:\p\vococo\data_sved\JPEGImages\0253.jpg</path>
	<source>
		<database>Unknown</database>
	</source>
	<size>
		<width>128</width>
		<height>128</height>
		<depth>3</depth>
	</size>
	<segmented>0</segmented>
	<object>
		<name>alloviz</name>
		<pose>Unspecified</pose>
		<truncated>0</truncated>
		<difficult>0</difficult>
		<bndbox>
			<xmin>29</xmin>
			<ymin>48</ymin>
			<xmax>47</xmax>
			<ymax>63</ymax>
		</bndbox>
	</object>
	<object>
		<name>alloviz</name>
		<pose>Unspecified</pose>
		<truncated>0</truncated>
		<difficult>0</difficult>
		<bndbox>
			<xmin>46</xmin>
			<ymin>29</ymin>
			<xmax>63</xmax>
			<ymax>46</ymax>
		</bndbox>
	</object>
</annotation>
