<annotation>
	<folder>JPEGImages</folder>
	<filename>0255.jpg</filename>
	<path>D:\p\vococo\data_sved\JPEGImages\0255.jpg</path>
	<source>
		<database>Unknown</database>
	</source>
	<size>
		<width>128</width>
		<height>128</height>
		<depth>3</depth>
	</size>
	<segmented>0</segmented>
	<object>
		<name>alloviz</name>
		<pose>Unspecified</pose>
		<truncated>0</truncated>
		<difficult>0</difficult>
		<bndbox>
			<xmin>22</xmin>
			<ymin>34</ymin>
			<xmax>44</xmax>
			<ymax>55</ymax>
		</bndbox>
	</object>
	<object>
		<name>alloviz</name>
		<pose>Unspecified</pose>
		<truncated>0</truncated>
		<difficult>0</difficult>
		<bndbox>
			<xmin>87</xmin>
			<ymin>55</ymin>
			<xmax>96</xmax>
			<ymax>66</ymax>
		</bndbox>
	</object>
</annotation>
