<annotation>
	<folder>JPEGImages</folder>
	<filename>0261.jpg</filename>
	<path>D:\p\vococo\data_sved\JPEGImages\0261.jpg</path>
	<source>
		<database>Unknown</database>
	</source>
	<size>
		<width>128</width>
		<height>128</height>
		<depth>3</depth>
	</size>
	<segmented>0</segmented>
	<object>
		<name>alloviz</name>
		<pose>Unspecified</pose>
		<truncated>0</truncated>
		<difficult>0</difficult>
		<bndbox>
			<xmin>37</xmin>
			<ymin>70</ymin>
			<xmax>60</xmax>
			<ymax>82</ymax>
		</bndbox>
	</object>
	<object>
		<name>alloviz</name>
		<pose>Unspecified</pose>
		<truncated>0</truncated>
		<difficult>0</difficult>
		<bndbox>
			<xmin>108</xmin>
			<ymin>109</ymin>
			<xmax>127</xmax>
			<ymax>119</ymax>
		</bndbox>
	</object>
</annotation>
