<annotation>
	<folder>JPEGImages</folder>
	<filename>0262.jpg</filename>
	<path>D:\p\vococo\data_sved\JPEGImages\0262.jpg</path>
	<source>
		<database>Unknown</database>
	</source>
	<size>
		<width>128</width>
		<height>128</height>
		<depth>3</depth>
	</size>
	<segmented>0</segmented>
	<object>
		<name>alloviz</name>
		<pose>Unspecified</pose>
		<truncated>0</truncated>
		<difficult>0</difficult>
		<bndbox>
			<xmin>34</xmin>
			<ymin>39</ymin>
			<xmax>62</xmax>
			<ymax>61</ymax>
		</bndbox>
	</object>
	<object>
		<name>alloviz</name>
		<pose>Unspecified</pose>
		<truncated>0</truncated>
		<difficult>0</difficult>
		<bndbox>
			<xmin>70</xmin>
			<ymin>65</ymin>
			<xmax>102</xmax>
			<ymax>98</ymax>
		</bndbox>
	</object>
</annotation>
