<annotation>
	<folder>JPEGImages</folder>
	<filename>0287.jpg</filename>
	<path>D:\p\vococo\data_sved\JPEGImages\0287.jpg</path>
	<source>
		<database>Unknown</database>
	</source>
	<size>
		<width>128</width>
		<height>128</height>
		<depth>3</depth>
	</size>
	<segmented>0</segmented>
	<object>
		<name>alloviz</name>
		<pose>Unspecified</pose>
		<truncated>0</truncated>
		<difficult>0</difficult>
		<bndbox>
			<xmin>15</xmin>
			<ymin>51</ymin>
			<xmax>42</xmax>
			<ymax>67</ymax>
		</bndbox>
	</object>
	<object>
		<name>alloviz</name>
		<pose>Unspecified</pose>
		<truncated>0</truncated>
		<difficult>0</difficult>
		<bndbox>
			<xmin>45</xmin>
			<ymin>10</ymin>
			<xmax>74</xmax>
			<ymax>38</ymax>
		</bndbox>
	</object>
</annotation>
