{"images": [{"file_name": "0001.jpg", "height": 128, "width": 128, "id": 1}, {"file_name": "0002.jpg", "height": 128, "width": 128, "id": 2}, {"file_name": "0003.jpg", "height": 128, "width": 128, "id": 3}, {"file_name": "0004.jpg", "height": 128, "width": 128, "id": 4}, {"file_name": "0005.jpg", "height": 128, "width": 128, "id": 5}, {"file_name": "0006.jpg", "height": 128, "width": 128, "id": 6}, {"file_name": "0007.jpg", "height": 128, "width": 128, "id": 7}, {"file_name": "0008.jpg", "height": 128, "width": 128, "id": 8}, {"file_name": "0018.jpg", "height": 128, "width": 128, "id": 18}, {"file_name": "0019.jpg", "height": 128, "width": 128, "id": 19}, {"file_name": "0022.jpg", "height": 128, "width": 128, "id": 22}, {"file_name": "0028.jpg", "height": 128, "width": 128, "id": 28}, {"file_name": "0036.jpg", "height": 128, "width": 128, "id": 36}, {"file_name": "0037.jpg", "height": 128, "width": 128, "id": 37}, {"file_name": "0039.jpg", "height": 128, "width": 128, "id": 39}, {"file_name": "0040.jpg", "height": 128, "width": 128, "id": 40}, {"file_name": "0041.jpg", "height": 128, "width": 128, "id": 41}, {"file_name": "0047.jpg", "height": 128, "width": 128, "id": 47}, {"file_name": "0048.jpg", "height": 128, "width": 128, "id": 48}, {"file_name": "0049.jpg", "height": 128, "width": 128, "id": 49}, {"file_name": "0050.jpg", "height": 128, "width": 128, "id": 50}, {"file_name": "0051.jpg", "height": 128, "width": 128, "id": 51}, {"file_name": "0063.jpg", "height": 128, "width": 128, "id": 63}, {"file_name": "0064.jpg", "height": 128, "width": 128, "id": 64}, {"file_name": "0065.jpg", "height": 128, "width": 128, "id": 65}, {"file_name": "0067.jpg", "height": 128, "width": 128, "id": 67}, {"file_name": "0068.jpg", "height": 128, "width": 128, "id": 68}, {"file_name": "0069.jpg", "height": 128, "width": 128, "id": 69}, {"file_name": "0070.jpg", "height": 128, "width": 128, "id": 70}, {"file_name": "0071.jpg", "height": 128, "width": 128, "id": 71}, {"file_name": "0072.jpg", "height": 128, "width": 128, "id": 72}, {"file_name": "0073.jpg", "height": 128, "width": 128, "id": 73}, {"file_name": "0074.jpg", "height": 128, "width": 128, "id": 74}, {"file_name": "0075.jpg", "height": 128, "width": 128, "id": 75}, {"file_name": "0079.jpg", "height": 128, "width": 128, "id": 79}, {"file_name": "0080.jpg", "height": 128, "width": 128, "id": 80}, {"file_name": "0083.jpg", "height": 128, "width": 128, "id": 83}, {"file_name": "0084.jpg", "height": 128, "width": 128, "id": 84}, {"file_name": "0085.jpg", "height": 128, "width": 128, "id": 85}, {"file_name": "0087.jpg", "height": 128, "width": 128, "id": 87}, {"file_name": "0088.jpg", "height": 128, "width": 128, "id": 88}, {"file_name": "0089.jpg", "height": 128, "width": 128, "id": 89}, {"file_name": "0090.jpg", "height": 128, "width": 128, "id": 90}, {"file_name": "0091.jpg", "height": 128, "width": 128, "id": 91}, {"file_name": "0092.jpg", "height": 128, "width": 128, "id": 92}, {"file_name": "0093.jpg", "height": 128, "width": 128, "id": 93}, {"file_name": "0094.jpg", "height": 128, "width": 128, "id": 94}, {"file_name": "0095.jpg", "height": 128, "width": 128, "id": 95}, {"file_name": "0096.jpg", "height": 128, "width": 128, "id": 96}, {"file_name": "0097.jpg", "height": 128, "width": 128, "id": 97}, {"file_name": "0098.jpg", "height": 128, "width": 128, "id": 98}, {"file_name": "0099.jpg", "height": 128, "width": 128, "id": 99}, {"file_name": "0113.jpg", "height": 128, "width": 128, "id": 113}, {"file_name": "0123.jpg", "height": 128, "width": 128, "id": 123}, {"file_name": "0124.jpg", "height": 128, "width": 128, "id": 124}, {"file_name": "0126.jpg", "height": 128, "width": 128, "id": 126}, {"file_name": "0127.jpg", "height": 128, "width": 128, "id": 127}, {"file_name": "0131.jpg", "height": 128, "width": 128, "id": 131}, {"file_name": "0138.jpg", "height": 128, "width": 128, "id": 138}, {"file_name": "0141.jpg", "height": 128, "width": 128, "id": 141}, {"file_name": "0142.jpg", "height": 128, "width": 128, "id": 142}, {"file_name": "0143.jpg", "height": 128, "width": 128, "id": 143}, {"file_name": "0145.jpg", "height": 128, "width": 128, "id": 145}, {"file_name": "0146.jpg", "height": 128, "width": 128, "id": 146}, {"file_name": "0147.jpg", "height": 128, "width": 128, "id": 147}, {"file_name": "0148.jpg", "height": 128, "width": 128, "id": 148}, {"file_name": "0150.jpg", "height": 128, "width": 128, "id": 150}, {"file_name": "0151.jpg", "height": 128, "width": 128, "id": 151}, {"file_name": "0156.jpg", "height": 128, "width": 128, "id": 156}, {"file_name": "0158.jpg", "height": 128, "width": 128, "id": 158}, {"file_name": "0164.jpg", "height": 128, "width": 128, "id": 164}, {"file_name": "0166.jpg", "height": 128, "width": 128, "id": 166}, {"file_name": "0167.jpg", "height": 128, "width": 128, "id": 167}, {"file_name": "0172.jpg", "height": 128, "width": 128, "id": 172}, {"file_name": "0173.jpg", "height": 128, "width": 128, "id": 173}, {"file_name": "0174.jpg", "height": 128, "width": 128, "id": 174}, {"file_name": "0175.jpg", "height": 128, "width": 128, "id": 175}, {"file_name": "0176.jpg", "height": 128, "width": 128, "id": 176}, {"file_name": "0177.jpg", "height": 128, "width": 128, "id": 177}, {"file_name": "0178.jpg", "height": 128, "width": 128, "id": 178}, {"file_name": "0179.jpg", "height": 128, "width": 128, "id": 179}, {"file_name": "0180.jpg", "height": 128, "width": 128, "id": 180}, {"file_name": "0181.jpg", "height": 128, "width": 128, "id": 181}, {"file_name": "0182.jpg", "height": 128, "width": 128, "id": 182}, {"file_name": "0183.jpg", "height": 128, "width": 128, "id": 183}, {"file_name": "0184.jpg", "height": 128, "width": 128, "id": 184}, {"file_name": "0185.jpg", "height": 128, "width": 128, "id": 185}, {"file_name": "0186.jpg", "height": 128, "width": 128, "id": 186}, {"file_name": "0187.jpg", "height": 128, "width": 128, "id": 187}, {"file_name": "0189.jpg", "height": 128, "width": 128, "id": 189}, {"file_name": "0190.jpg", "height": 128, "width": 128, "id": 190}, {"file_name": "0191.jpg", "height": 128, "width": 128, "id": 191}, {"file_name": "0192.jpg", "height": 128, "width": 128, "id": 192}, {"file_name": "0193.jpg", "height": 128, "width": 128, "id": 193}, {"file_name": "0194.jpg", "height": 128, "width": 128, "id": 194}, {"file_name": "0197.jpg", "height": 128, "width": 128, "id": 197}, {"file_name": "0199.jpg", "height": 128, "width": 128, "id": 199}, {"file_name": "0201.jpg", "height": 128, "width": 128, "id": 201}, {"file_name": "0203.jpg", "height": 128, "width": 128, "id": 203}, {"file_name": "0204.jpg", "height": 128, "width": 128, "id": 204}, {"file_name": "0205.jpg", "height": 128, "width": 128, "id": 205}, {"file_name": "0206.jpg", "height": 128, "width": 128, "id": 206}, {"file_name": "0207.jpg", "height": 128, "width": 128, "id": 207}, {"file_name": "0208.jpg", "height": 128, "width": 128, "id": 208}, {"file_name": "0211.jpg", "height": 128, "width": 128, "id": 211}, {"file_name": "0212.jpg", "height": 128, "width": 128, "id": 212}, {"file_name": "0217.jpg", "height": 128, "width": 128, "id": 217}, {"file_name": "0218.jpg", "height": 128, "width": 128, "id": 218}, {"file_name": "0223.jpg", "height": 128, "width": 128, "id": 223}, {"file_name": "0227.jpg", "height": 128, "width": 128, "id": 227}, {"file_name": "0228.jpg", "height": 128, "width": 128, "id": 228}, {"file_name": "0230.jpg", "height": 128, "width": 128, "id": 230}, {"file_name": "0233.jpg", "height": 128, "width": 128, "id": 233}, {"file_name": "0237.jpg", "height": 128, "width": 128, "id": 237}, {"file_name": "0238.jpg", "height": 128, "width": 128, "id": 238}, {"file_name": "0241.jpg", "height": 128, "width": 128, "id": 241}, {"file_name": "0242.jpg", "height": 128, "width": 128, "id": 242}, {"file_name": "0244.jpg", "height": 128, "width": 128, "id": 244}, {"file_name": "0248.jpg", "height": 128, "width": 128, "id": 248}, {"file_name": "0251.jpg", "height": 128, "width": 128, "id": 251}, {"file_name": "0252.jpg", "height": 128, "width": 128, "id": 252}, {"file_name": "0253.jpg", "height": 128, "width": 128, "id": 253}, {"file_name": "0255.jpg", "height": 128, "width": 128, "id": 255}, {"file_name": "0256.jpg", "height": 128, "width": 128, "id": 256}, {"file_name": "0257.jpg", "height": 128, "width": 128, "id": 257}, {"file_name": "0258.jpg", "height": 128, "width": 128, "id": 258}, {"file_name": "0259.jpg", "height": 128, "width": 128, "id": 259}, {"file_name": "0260.jpg", "height": 128, "width": 128, "id": 260}, {"file_name": "0261.jpg", "height": 128, "width": 128, "id": 261}, {"file_name": "0262.jpg", "height": 128, "width": 128, "id": 262}, {"file_name": "0263.jpg", "height": 128, "width": 128, "id": 263}, {"file_name": "0265.jpg", "height": 128, "width": 128, "id": 265}, {"file_name": "0266.jpg", "height": 128, "width": 128, "id": 266}, {"file_name": "0267.jpg", "height": 128, "width": 128, "id": 267}, {"file_name": "0268.jpg", "height": 128, "width": 128, "id": 268}, {"file_name": "0269.jpg", "height": 128, "width": 128, "id": 269}, {"file_name": "0270.jpg", "height": 128, "width": 128, "id": 270}, {"file_name": "0271.jpg", "height": 128, "width": 128, "id": 271}, {"file_name": "0275.jpg", "height": 128, "width": 128, "id": 275}, {"file_name": "0277.jpg", "height": 128, "width": 128, "id": 277}, {"file_name": "0278.jpg", "height": 128, "width": 128, "id": 278}, {"file_name": "0279.jpg", "height": 128, "width": 128, "id": 279}, {"file_name": "0280.jpg", "height": 128, "width": 128, "id": 280}, {"file_name": "0282.jpg", "height": 128, "width": 128, "id": 282}, {"file_name": "0283.jpg", "height": 128, "width": 128, "id": 283}, {"file_name": "0285.jpg", "height": 128, "width": 128, "id": 285}, {"file_name": "0287.jpg", "height": 128, "width": 128, "id": 287}, {"file_name": "0290.jpg", "height": 128, "width": 128, "id": 290}, {"file_name": "0292.jpg", "height": 128, "width": 128, "id": 292}], "type": "instances", "annotations": [{"area": 285, "iscrowd": 0, "image_id": 1, "bbox": [81, 72, 15, 19], "category_id": 0, "id": 1, "ignore": 0, "segmentation": []}, {"area": 135, "iscrowd": 0, "image_id": 1, "bbox": [32, 107, 9, 15], "category_id": 0, "id": 2, "ignore": 0, "segmentation": []}, {"area": 72, "iscrowd": 0, "image_id": 1, "bbox": [93, 5, 8, 9], "category_id": 0, "id": 3, "ignore": 0, "segmentation": []}, {"area": 168, "iscrowd": 0, "image_id": 2, "bbox": [41, 92, 14, 12], "category_id": 0, "id": 4, "ignore": 0, "segmentation": []}, {"area": 168, "iscrowd": 0, "image_id": 2, "bbox": [81, 23, 14, 12], "category_id": 0, "id": 5, "ignore": 0, "segmentation": []}, {"area": 750, "iscrowd": 0, "image_id": 3, "bbox": [17, 29, 25, 30], "category_id": 0, "id": 6, "ignore": 0, "segmentation": []}, {"area": 90, "iscrowd": 0, "image_id": 3, "bbox": [81, 113, 9, 10], "category_id": 0, "id": 7, "ignore": 0, "segmentation": []}, {"area": 495, "iscrowd": 0, "image_id": 4, "bbox": [41, 60, 33, 15], "category_id": 0, "id": 8, "ignore": 0, "segmentation": []}, {"area": 480, "iscrowd": 0, "image_id": 4, "bbox": [75, 0, 24, 20], "category_id": 0, "id": 9, "ignore": 0, "segmentation": []}, {"area": 198, "iscrowd": 0, "image_id": 5, "bbox": [27, 38, 22, 9], "category_id": 0, "id": 10, "ignore": 0, "segmentation": []}, {"area": 320, "iscrowd": 0, "image_id": 5, "bbox": [49, 53, 20, 16], "category_id": 0, "id": 11, "ignore": 0, "segmentation": []}, {"area": 81, "iscrowd": 0, "image_id": 6, "bbox": [45, 43, 9, 9], "category_id": 0, "id": 12, "ignore": 0, "segmentation": []}, {"area": 936, "iscrowd": 0, "image_id": 6, "bbox": [56, 51, 39, 24], "category_id": 0, "id": 13, "ignore": 0, "segmentation": []}, {"area": 1247, "iscrowd": 0, "image_id": 6, "bbox": [0, 15, 29, 43], "category_id": 0, "id": 14, "ignore": 0, "segmentation": []}, {"area": 117, "iscrowd": 0, "image_id": 6, "bbox": [68, 105, 9, 13], "category_id": 0, "id": 15, "ignore": 0, "segmentation": []}, {"area": 126, "iscrowd": 0, "image_id": 6, "bbox": [68, 0, 18, 7], "category_id": 0, "id": 16, "ignore": 0, "segmentation": []}, {"area": 70, "iscrowd": 0, "image_id": 7, "bbox": [43, 29, 10, 7], "category_id": 0, "id": 17, "ignore": 0, "segmentation": []}, {"area": 1078, "iscrowd": 0, "image_id": 7, "bbox": [53, 29, 49, 22], "category_id": 0, "id": 18, "ignore": 0, "segmentation": []}, {"area": 120, "iscrowd": 0, "image_id": 7, "bbox": [4, 117, 12, 10], "category_id": 0, "id": 19, "ignore": 0, "segmentation": []}, {"area": 117, "iscrowd": 0, "image_id": 7, "bbox": [104, 55, 13, 9], "category_id": 0, "id": 20, "ignore": 0, "segmentation": []}, {"area": 88, "iscrowd": 0, "image_id": 8, "bbox": [23, 12, 11, 8], "category_id": 0, "id": 21, "ignore": 0, "segmentation": []}, {"area": 330, "iscrowd": 0, "image_id": 8, "bbox": [49, 43, 22, 15], "category_id": 0, "id": 22, "ignore": 0, "segmentation": []}, {"area": 238, "iscrowd": 0, "image_id": 8, "bbox": [69, 49, 14, 17], "category_id": 0, "id": 23, "ignore": 0, "segmentation": []}, {"area": 160, "iscrowd": 0, "image_id": 8, "bbox": [59, 69, 16, 10], "category_id": 0, "id": 24, "ignore": 0, "segmentation": []}, {"area": 1900, "iscrowd": 0, "image_id": 18, "bbox": [34, 9, 38, 50], "category_id": 0, "id": 25, "ignore": 0, "segmentation": []}, {"area": 1600, "iscrowd": 0, "image_id": 19, "bbox": [51, 26, 40, 40], "category_id": 0, "id": 26, "ignore": 0, "segmentation": []}, {"area": 285, "iscrowd": 0, "image_id": 22, "bbox": [48, 1, 19, 15], "category_id": 0, "id": 27, "ignore": 0, "segmentation": []}, {"area": 882, "iscrowd": 0, "image_id": 22, "bbox": [82, 9, 21, 42], "category_id": 0, "id": 28, "ignore": 0, "segmentation": []}, {"area": 143, "iscrowd": 0, "image_id": 22, "bbox": [115, 85, 13, 11], "category_id": 0, "id": 29, "ignore": 0, "segmentation": []}, {"area": 418, "iscrowd": 0, "image_id": 28, "bbox": [27, 59, 19, 22], "category_id": 0, "id": 30, "ignore": 0, "segmentation": []}, {"area": 2772, "iscrowd": 0, "image_id": 36, "bbox": [18, 38, 63, 44], "category_id": 0, "id": 31, "ignore": 0, "segmentation": []}, {"area": 240, "iscrowd": 0, "image_id": 36, "bbox": [104, 15, 15, 16], "category_id": 0, "id": 32, "ignore": 0, "segmentation": []}, {"area": 396, "iscrowd": 0, "image_id": 37, "bbox": [61, 70, 22, 18], "category_id": 0, "id": 33, "ignore": 0, "segmentation": []}, {"area": 3256, "iscrowd": 0, "image_id": 39, "bbox": [17, 30, 74, 44], "category_id": 0, "id": 34, "ignore": 0, "segmentation": []}, {"area": 480, "iscrowd": 0, "image_id": 40, "bbox": [22, 36, 24, 20], "category_id": 0, "id": 35, "ignore": 0, "segmentation": []}, {"area": 99, "iscrowd": 0, "image_id": 41, "bbox": [57, 47, 9, 11], "category_id": 0, "id": 36, "ignore": 0, "segmentation": []}, {"area": 280, "iscrowd": 0, "image_id": 47, "bbox": [53, 70, 14, 20], "category_id": 0, "id": 37, "ignore": 0, "segmentation": []}, {"area": 195, "iscrowd": 0, "image_id": 48, "bbox": [41, 46, 15, 13], "category_id": 0, "id": 38, "ignore": 0, "segmentation": []}, {"area": 210, "iscrowd": 0, "image_id": 48, "bbox": [57, 66, 15, 14], "category_id": 0, "id": 39, "ignore": 0, "segmentation": []}, {"area": 210, "iscrowd": 0, "image_id": 48, "bbox": [64, 45, 15, 14], "category_id": 0, "id": 40, "ignore": 0, "segmentation": []}, {"area": 238, "iscrowd": 0, "image_id": 49, "bbox": [52, 59, 17, 14], "category_id": 0, "id": 41, "ignore": 0, "segmentation": []}, {"area": 1804, "iscrowd": 0, "image_id": 50, "bbox": [70, 82, 41, 44], "category_id": 0, "id": 42, "ignore": 0, "segmentation": []}, {"area": 598, "iscrowd": 0, "image_id": 51, "bbox": [47, 47, 26, 23], "category_id": 0, "id": 43, "ignore": 0, "segmentation": []}, {"area": 336, "iscrowd": 0, "image_id": 63, "bbox": [57, 79, 16, 21], "category_id": 0, "id": 44, "ignore": 0, "segmentation": []}, {"area": 80, "iscrowd": 0, "image_id": 63, "bbox": [79, 90, 10, 8], "category_id": 0, "id": 45, "ignore": 0, "segmentation": []}, {"area": 144, "iscrowd": 0, "image_id": 64, "bbox": [54, 62, 12, 12], "category_id": 0, "id": 46, "ignore": 0, "segmentation": []}, {"area": 180, "iscrowd": 0, "image_id": 65, "bbox": [66, 65, 15, 12], "category_id": 0, "id": 47, "ignore": 0, "segmentation": []}, {"area": 660, "iscrowd": 0, "image_id": 67, "bbox": [53, 60, 22, 30], "category_id": 0, "id": 48, "ignore": 0, "segmentation": []}, {"area": 437, "iscrowd": 0, "image_id": 68, "bbox": [55, 57, 23, 19], "category_id": 0, "id": 49, "ignore": 0, "segmentation": []}, {"area": 192, "iscrowd": 0, "image_id": 69, "bbox": [0, 0, 24, 8], "category_id": 0, "id": 50, "ignore": 0, "segmentation": []}, {"area": 2925, "iscrowd": 0, "image_id": 69, "bbox": [41, 27, 45, 65], "category_id": 0, "id": 51, "ignore": 0, "segmentation": []}, {"area": 184, "iscrowd": 0, "image_id": 69, "bbox": [120, 4, 8, 23], "category_id": 0, "id": 52, "ignore": 0, "segmentation": []}, {"area": 506, "iscrowd": 0, "image_id": 70, "bbox": [39, 9, 23, 22], "category_id": 0, "id": 53, "ignore": 0, "segmentation": []}, {"area": 1020, "iscrowd": 0, "image_id": 70, "bbox": [48, 49, 34, 30], "category_id": 0, "id": 54, "ignore": 0, "segmentation": []}, {"area": 1809, "iscrowd": 0, "image_id": 70, "bbox": [61, 84, 67, 27], "category_id": 0, "id": 55, "ignore": 0, "segmentation": []}, {"area": 143, "iscrowd": 0, "image_id": 70, "bbox": [0, 29, 13, 11], "category_id": 0, "id": 56, "ignore": 0, "segmentation": []}, {"area": 1598, "iscrowd": 0, "image_id": 71, "bbox": [0, 13, 34, 47], "category_id": 0, "id": 57, "ignore": 0, "segmentation": []}, {"area": 160, "iscrowd": 0, "image_id": 71, "bbox": [34, 0, 16, 10], "category_id": 0, "id": 58, "ignore": 0, "segmentation": []}, {"area": 208, "iscrowd": 0, "image_id": 71, "bbox": [105, 2, 13, 16], "category_id": 0, "id": 59, "ignore": 0, "segmentation": []}, {"area": 126, "iscrowd": 0, "image_id": 71, "bbox": [113, 100, 14, 9], "category_id": 0, "id": 60, "ignore": 0, "segmentation": []}, {"area": 494, "iscrowd": 0, "image_id": 72, "bbox": [48, 54, 26, 19], "category_id": 0, "id": 61, "ignore": 0, "segmentation": []}, {"area": 2016, "iscrowd": 0, "image_id": 72, "bbox": [37, 0, 42, 48], "category_id": 0, "id": 62, "ignore": 0, "segmentation": []}, {"area": 651, "iscrowd": 0, "image_id": 72, "bbox": [0, 58, 21, 31], "category_id": 0, "id": 63, "ignore": 0, "segmentation": []}, {"area": 150, "iscrowd": 0, "image_id": 73, "bbox": [27, 67, 10, 15], "category_id": 0, "id": 64, "ignore": 0, "segmentation": []}, {"area": 170, "iscrowd": 0, "image_id": 73, "bbox": [63, 87, 17, 10], "category_id": 0, "id": 65, "ignore": 0, "segmentation": []}, {"area": 645, "iscrowd": 0, "image_id": 73, "bbox": [83, 6, 15, 43], "category_id": 0, "id": 66, "ignore": 0, "segmentation": []}, {"area": 300, "iscrowd": 0, "image_id": 74, "bbox": [45, 60, 20, 15], "category_id": 0, "id": 67, "ignore": 0, "segmentation": []}, {"area": 336, "iscrowd": 0, "image_id": 74, "bbox": [53, 36, 21, 16], "category_id": 0, "id": 68, "ignore": 0, "segmentation": []}, {"area": 375, "iscrowd": 0, "image_id": 74, "bbox": [62, 74, 15, 25], "category_id": 0, "id": 69, "ignore": 0, "segmentation": []}, {"area": 80, "iscrowd": 0, "image_id": 74, "bbox": [75, 69, 8, 10], "category_id": 0, "id": 70, "ignore": 0, "segmentation": []}, {"area": 60, "iscrowd": 0, "image_id": 74, "bbox": [115, 0, 10, 6], "category_id": 0, "id": 71, "ignore": 0, "segmentation": []}, {"area": 992, "iscrowd": 0, "image_id": 75, "bbox": [30, 48, 32, 31], "category_id": 0, "id": 72, "ignore": 0, "segmentation": []}, {"area": 525, "iscrowd": 0, "image_id": 75, "bbox": [70, 68, 25, 21], "category_id": 0, "id": 73, "ignore": 0, "segmentation": []}, {"area": 374, "iscrowd": 0, "image_id": 79, "bbox": [97, 62, 17, 22], "category_id": 0, "id": 74, "ignore": 0, "segmentation": []}, {"area": 783, "iscrowd": 0, "image_id": 80, "bbox": [55, 86, 27, 29], "category_id": 0, "id": 75, "ignore": 0, "segmentation": []}, {"area": 2059, "iscrowd": 0, "image_id": 83, "bbox": [81, 22, 29, 71], "category_id": 0, "id": 76, "ignore": 0, "segmentation": []}, {"area": 225, "iscrowd": 0, "image_id": 84, "bbox": [37, 46, 15, 15], "category_id": 0, "id": 77, "ignore": 0, "segmentation": []}, {"area": 96, "iscrowd": 0, "image_id": 84, "bbox": [41, 59, 12, 8], "category_id": 0, "id": 78, "ignore": 0, "segmentation": []}, {"area": 1620, "iscrowd": 0, "image_id": 85, "bbox": [40, 4, 36, 45], "category_id": 0, "id": 79, "ignore": 0, "segmentation": []}, {"area": 196, "iscrowd": 0, "image_id": 87, "bbox": [51, 35, 14, 14], "category_id": 0, "id": 80, "ignore": 0, "segmentation": []}, {"area": 528, "iscrowd": 0, "image_id": 87, "bbox": [72, 62, 24, 22], "category_id": 0, "id": 81, "ignore": 0, "segmentation": []}, {"area": 576, "iscrowd": 0, "image_id": 88, "bbox": [53, 47, 18, 32], "category_id": 0, "id": 82, "ignore": 0, "segmentation": []}, {"area": 110, "iscrowd": 0, "image_id": 88, "bbox": [118, 16, 10, 11], "category_id": 0, "id": 83, "ignore": 0, "segmentation": []}, {"area": 156, "iscrowd": 0, "image_id": 89, "bbox": [43, 55, 13, 12], "category_id": 0, "id": 84, "ignore": 0, "segmentation": []}, {"area": 228, "iscrowd": 0, "image_id": 89, "bbox": [66, 46, 12, 19], "category_id": 0, "id": 85, "ignore": 0, "segmentation": []}, {"area": 435, "iscrowd": 0, "image_id": 89, "bbox": [74, 86, 29, 15], "category_id": 0, "id": 86, "ignore": 0, "segmentation": []}, {"area": 110, "iscrowd": 0, "image_id": 90, "bbox": [54, 71, 11, 10], "category_id": 0, "id": 87, "ignore": 0, "segmentation": []}, {"area": 90, "iscrowd": 0, "image_id": 90, "bbox": [37, 0, 10, 9], "category_id": 0, "id": 88, "ignore": 0, "segmentation": []}, {"area": 357, "iscrowd": 0, "image_id": 90, "bbox": [81, 103, 21, 17], "category_id": 0, "id": 89, "ignore": 0, "segmentation": []}, {"area": 285, "iscrowd": 0, "image_id": 90, "bbox": [100, 109, 15, 19], "category_id": 0, "id": 90, "ignore": 0, "segmentation": []}, {"area": 1333, "iscrowd": 0, "image_id": 91, "bbox": [20, 18, 43, 31], "category_id": 0, "id": 91, "ignore": 0, "segmentation": []}, {"area": 945, "iscrowd": 0, "image_id": 91, "bbox": [89, 64, 27, 35], "category_id": 0, "id": 92, "ignore": 0, "segmentation": []}, {"area": 340, "iscrowd": 0, "image_id": 92, "bbox": [94, 45, 17, 20], "category_id": 0, "id": 93, "ignore": 0, "segmentation": []}, {"area": 1380, "iscrowd": 0, "image_id": 92, "bbox": [98, 82, 30, 46], "category_id": 0, "id": 94, "ignore": 0, "segmentation": []}, {"area": 3066, "iscrowd": 0, "image_id": 93, "bbox": [30, 43, 73, 42], "category_id": 0, "id": 95, "ignore": 0, "segmentation": []}, {"area": 130, "iscrowd": 0, "image_id": 93, "bbox": [85, 31, 10, 13], "category_id": 0, "id": 96, "ignore": 0, "segmentation": []}, {"area": 1862, "iscrowd": 0, "image_id": 94, "bbox": [38, 36, 38, 49], "category_id": 0, "id": 97, "ignore": 0, "segmentation": []}, {"area": 1290, "iscrowd": 0, "image_id": 94, "bbox": [0, 85, 30, 43], "category_id": 0, "id": 98, "ignore": 0, "segmentation": []}, {"area": 560, "iscrowd": 0, "image_id": 95, "bbox": [71, 43, 20, 28], "category_id": 0, "id": 99, "ignore": 0, "segmentation": []}, {"area": 667, "iscrowd": 0, "image_id": 96, "bbox": [47, 52, 29, 23], "category_id": 0, "id": 100, "ignore": 0, "segmentation": []}, {"area": 240, "iscrowd": 0, "image_id": 96, "bbox": [113, 0, 15, 16], "category_id": 0, "id": 101, "ignore": 0, "segmentation": []}, {"area": 726, "iscrowd": 0, "image_id": 97, "bbox": [53, 75, 33, 22], "category_id": 0, "id": 102, "ignore": 0, "segmentation": []}, {"area": 725, "iscrowd": 0, "image_id": 97, "bbox": [94, 101, 29, 25], "category_id": 0, "id": 103, "ignore": 0, "segmentation": []}, {"area": 3068, "iscrowd": 0, "image_id": 98, "bbox": [34, 34, 59, 52], "category_id": 0, "id": 104, "ignore": 0, "segmentation": []}, {"area": 294, "iscrowd": 0, "image_id": 98, "bbox": [49, 107, 14, 21], "category_id": 0, "id": 105, "ignore": 0, "segmentation": []}, {"area": 1271, "iscrowd": 0, "image_id": 99, "bbox": [51, 44, 41, 31], "category_id": 0, "id": 106, "ignore": 0, "segmentation": []}, {"area": 2640, "iscrowd": 0, "image_id": 113, "bbox": [0, 2, 48, 55], "category_id": 0, "id": 107, "ignore": 0, "segmentation": []}, {"area": 476, "iscrowd": 0, "image_id": 123, "bbox": [42, 52, 17, 28], "category_id": 0, "id": 108, "ignore": 0, "segmentation": []}, {"area": 120, "iscrowd": 0, "image_id": 124, "bbox": [69, 51, 10, 12], "category_id": 0, "id": 109, "ignore": 0, "segmentation": []}, {"area": 1320, "iscrowd": 0, "image_id": 124, "bbox": [45, 40, 33, 40], "category_id": 0, "id": 110, "ignore": 0, "segmentation": []}, {"area": 2279, "iscrowd": 0, "image_id": 126, "bbox": [42, 34, 53, 43], "category_id": 0, "id": 111, "ignore": 0, "segmentation": []}, {"area": 272, "iscrowd": 0, "image_id": 127, "bbox": [7, 73, 17, 16], "category_id": 0, "id": 112, "ignore": 0, "segmentation": []}, {"area": 315, "iscrowd": 0, "image_id": 131, "bbox": [103, 46, 21, 15], "category_id": 0, "id": 113, "ignore": 0, "segmentation": []}, {"area": 682, "iscrowd": 0, "image_id": 138, "bbox": [84, 89, 22, 31], "category_id": 0, "id": 114, "ignore": 0, "segmentation": []}, {"area": 253, "iscrowd": 0, "image_id": 141, "bbox": [6, 70, 11, 23], "category_id": 0, "id": 115, "ignore": 0, "segmentation": []}, {"area": 1410, "iscrowd": 0, "image_id": 141, "bbox": [26, 81, 30, 47], "category_id": 0, "id": 116, "ignore": 0, "segmentation": []}, {"area": 90, "iscrowd": 0, "image_id": 141, "bbox": [86, 90, 9, 10], "category_id": 0, "id": 117, "ignore": 0, "segmentation": []}, {"area": 180, "iscrowd": 0, "image_id": 141, "bbox": [101, 115, 18, 10], "category_id": 0, "id": 118, "ignore": 0, "segmentation": []}, {"area": 3021, "iscrowd": 0, "image_id": 142, "bbox": [32, 36, 53, 57], "category_id": 0, "id": 119, "ignore": 0, "segmentation": []}, {"area": 1932, "iscrowd": 0, "image_id": 143, "bbox": [17, 15, 46, 42], "category_id": 0, "id": 120, "ignore": 0, "segmentation": []}, {"area": 88, "iscrowd": 0, "image_id": 143, "bbox": [118, 93, 8, 11], "category_id": 0, "id": 121, "ignore": 0, "segmentation": []}, {"area": 160, "iscrowd": 0, "image_id": 145, "bbox": [45, 24, 10, 16], "category_id": 0, "id": 122, "ignore": 0, "segmentation": []}, {"area": 352, "iscrowd": 0, "image_id": 145, "bbox": [44, 41, 16, 22], "category_id": 0, "id": 123, "ignore": 0, "segmentation": []}, {"area": 392, "iscrowd": 0, "image_id": 145, "bbox": [8, 100, 14, 28], "category_id": 0, "id": 124, "ignore": 0, "segmentation": []}, {"area": 192, "iscrowd": 0, "image_id": 146, "bbox": [58, 42, 16, 12], "category_id": 0, "id": 125, "ignore": 0, "segmentation": []}, {"area": 156, "iscrowd": 0, "image_id": 146, "bbox": [53, 71, 13, 12], "category_id": 0, "id": 126, "ignore": 0, "segmentation": []}, {"area": 80, "iscrowd": 0, "image_id": 146, "bbox": [0, 112, 5, 16], "category_id": 0, "id": 127, "ignore": 0, "segmentation": []}, {"area": 420, "iscrowd": 0, "image_id": 146, "bbox": [85, 96, 20, 21], "category_id": 0, "id": 128, "ignore": 0, "segmentation": []}, {"area": 510, "iscrowd": 0, "image_id": 146, "bbox": [8, 0, 30, 17], "category_id": 0, "id": 129, "ignore": 0, "segmentation": []}, {"area": 150, "iscrowd": 0, "image_id": 147, "bbox": [15, 36, 15, 10], "category_id": 0, "id": 130, "ignore": 0, "segmentation": []}, {"area": 1020, "iscrowd": 0, "image_id": 147, "bbox": [52, 44, 30, 34], "category_id": 0, "id": 131, "ignore": 0, "segmentation": []}, {"area": 88, "iscrowd": 0, "image_id": 147, "bbox": [33, 0, 11, 8], "category_id": 0, "id": 132, "ignore": 0, "segmentation": []}, {"area": 756, "iscrowd": 0, "image_id": 148, "bbox": [51, 53, 27, 28], "category_id": 0, "id": 133, "ignore": 0, "segmentation": []}, {"area": 1150, "iscrowd": 0, "image_id": 148, "bbox": [0, 0, 50, 23], "category_id": 0, "id": 134, "ignore": 0, "segmentation": []}, {"area": 272, "iscrowd": 0, "image_id": 150, "bbox": [16, 41, 17, 16], "category_id": 0, "id": 135, "ignore": 0, "segmentation": []}, {"area": 754, "iscrowd": 0, "image_id": 151, "bbox": [0, 41, 29, 26], "category_id": 0, "id": 136, "ignore": 0, "segmentation": []}, {"area": 210, "iscrowd": 0, "image_id": 151, "bbox": [78, 80, 14, 15], "category_id": 0, "id": 137, "ignore": 0, "segmentation": []}, {"area": 216, "iscrowd": 0, "image_id": 156, "bbox": [46, 45, 18, 12], "category_id": 0, "id": 138, "ignore": 0, "segmentation": []}, {"area": 144, "iscrowd": 0, "image_id": 158, "bbox": [63, 46, 16, 9], "category_id": 0, "id": 139, "ignore": 0, "segmentation": []}, {"area": 304, "iscrowd": 0, "image_id": 164, "bbox": [46, 45, 19, 16], "category_id": 0, "id": 140, "ignore": 0, "segmentation": []}, {"area": 1320, "iscrowd": 0, "image_id": 166, "bbox": [0, 43, 30, 44], "category_id": 0, "id": 141, "ignore": 0, "segmentation": []}, {"area": 483, "iscrowd": 0, "image_id": 167, "bbox": [77, 8, 23, 21], "category_id": 0, "id": 142, "ignore": 0, "segmentation": []}, {"area": 156, "iscrowd": 0, "image_id": 172, "bbox": [39, 46, 13, 12], "category_id": 0, "id": 143, "ignore": 0, "segmentation": []}, {"area": 368, "iscrowd": 0, "image_id": 173, "bbox": [40, 24, 16, 23], "category_id": 0, "id": 144, "ignore": 0, "segmentation": []}, {"area": 918, "iscrowd": 0, "image_id": 173, "bbox": [85, 56, 27, 34], "category_id": 0, "id": 145, "ignore": 0, "segmentation": []}, {"area": 154, "iscrowd": 0, "image_id": 174, "bbox": [52, 41, 14, 11], "category_id": 0, "id": 146, "ignore": 0, "segmentation": []}, {"area": 120, "iscrowd": 0, "image_id": 174, "bbox": [44, 101, 12, 10], "category_id": 0, "id": 147, "ignore": 0, "segmentation": []}, {"area": 306, "iscrowd": 0, "image_id": 175, "bbox": [11, 94, 18, 17], "category_id": 0, "id": 148, "ignore": 0, "segmentation": []}, {"area": 456, "iscrowd": 0, "image_id": 175, "bbox": [38, 71, 24, 19], "category_id": 0, "id": 149, "ignore": 0, "segmentation": []}, {"area": 1482, "iscrowd": 0, "image_id": 175, "bbox": [0, 20, 57, 26], "category_id": 0, "id": 150, "ignore": 0, "segmentation": []}, {"area": 650, "iscrowd": 0, "image_id": 175, "bbox": [92, 102, 25, 26], "category_id": 0, "id": 151, "ignore": 0, "segmentation": []}, {"area": 252, "iscrowd": 0, "image_id": 176, "bbox": [15, 70, 18, 14], "category_id": 0, "id": 152, "ignore": 0, "segmentation": []}, {"area": 126, "iscrowd": 0, "image_id": 176, "bbox": [45, 63, 9, 14], "category_id": 0, "id": 153, "ignore": 0, "segmentation": []}, {"area": 121, "iscrowd": 0, "image_id": 176, "bbox": [97, 75, 11, 11], "category_id": 0, "id": 154, "ignore": 0, "segmentation": []}, {"area": 72, "iscrowd": 0, "image_id": 176, "bbox": [100, 90, 9, 8], "category_id": 0, "id": 155, "ignore": 0, "segmentation": []}, {"area": 672, "iscrowd": 0, "image_id": 177, "bbox": [34, 49, 24, 28], "category_id": 0, "id": 156, "ignore": 0, "segmentation": []}, {"area": 529, "iscrowd": 0, "image_id": 177, "bbox": [69, 46, 23, 23], "category_id": 0, "id": 157, "ignore": 0, "segmentation": []}, {"area": 550, "iscrowd": 0, "image_id": 177, "bbox": [73, 0, 25, 22], "category_id": 0, "id": 158, "ignore": 0, "segmentation": []}, {"area": 88, "iscrowd": 0, "image_id": 177, "bbox": [18, 0, 11, 8], "category_id": 0, "id": 159, "ignore": 0, "segmentation": []}, {"area": 1922, "iscrowd": 0, "image_id": 178, "bbox": [66, 6, 31, 62], "category_id": 0, "id": 160, "ignore": 0, "segmentation": []}, {"area": 1092, "iscrowd": 0, "image_id": 178, "bbox": [52, 71, 26, 42], "category_id": 0, "id": 161, "ignore": 0, "segmentation": []}, {"area": 551, "iscrowd": 0, "image_id": 179, "bbox": [36, 24, 19, 29], "category_id": 0, "id": 162, "ignore": 0, "segmentation": []}, {"area": 616, "iscrowd": 0, "image_id": 179, "bbox": [67, 79, 22, 28], "category_id": 0, "id": 163, "ignore": 0, "segmentation": []}, {"area": 567, "iscrowd": 0, "image_id": 180, "bbox": [32, 21, 21, 27], "category_id": 0, "id": 164, "ignore": 0, "segmentation": []}, {"area": 100, "iscrowd": 0, "image_id": 180, "bbox": [36, 57, 10, 10], "category_id": 0, "id": 165, "ignore": 0, "segmentation": []}, {"area": 1190, "iscrowd": 0, "image_id": 180, "bbox": [46, 46, 17, 70], "category_id": 0, "id": 166, "ignore": 0, "segmentation": []}, {"area": 104, "iscrowd": 0, "image_id": 181, "bbox": [74, 40, 13, 8], "category_id": 0, "id": 167, "ignore": 0, "segmentation": []}, {"area": 242, "iscrowd": 0, "image_id": 181, "bbox": [35, 76, 22, 11], "category_id": 0, "id": 168, "ignore": 0, "segmentation": []}, {"area": 168, "iscrowd": 0, "image_id": 181, "bbox": [107, 84, 14, 12], "category_id": 0, "id": 169, "ignore": 0, "segmentation": []}, {"area": 169, "iscrowd": 0, "image_id": 182, "bbox": [46, 45, 13, 13], "category_id": 0, "id": 170, "ignore": 0, "segmentation": []}, {"area": 121, "iscrowd": 0, "image_id": 182, "bbox": [73, 57, 11, 11], "category_id": 0, "id": 171, "ignore": 0, "segmentation": []}, {"area": 468, "iscrowd": 0, "image_id": 182, "bbox": [56, 88, 18, 26], "category_id": 0, "id": 172, "ignore": 0, "segmentation": []}, {"area": 672, "iscrowd": 0, "image_id": 182, "bbox": [92, 72, 32, 21], "category_id": 0, "id": 173, "ignore": 0, "segmentation": []}, {"area": 156, "iscrowd": 0, "image_id": 183, "bbox": [47, 45, 13, 12], "category_id": 0, "id": 174, "ignore": 0, "segmentation": []}, {"area": 273, "iscrowd": 0, "image_id": 183, "bbox": [70, 45, 21, 13], "category_id": 0, "id": 175, "ignore": 0, "segmentation": []}, {"area": 180, "iscrowd": 0, "image_id": 183, "bbox": [113, 17, 15, 12], "category_id": 0, "id": 176, "ignore": 0, "segmentation": []}, {"area": 169, "iscrowd": 0, "image_id": 184, "bbox": [45, 16, 13, 13], "category_id": 0, "id": 177, "ignore": 0, "segmentation": []}, {"area": 242, "iscrowd": 0, "image_id": 184, "bbox": [57, 68, 22, 11], "category_id": 0, "id": 178, "ignore": 0, "segmentation": []}, {"area": 1008, "iscrowd": 0, "image_id": 184, "bbox": [103, 0, 24, 42], "category_id": 0, "id": 179, "ignore": 0, "segmentation": []}, {"area": 81, "iscrowd": 0, "image_id": 184, "bbox": [98, 48, 9, 9], "category_id": 0, "id": 180, "ignore": 0, "segmentation": []}, {"area": 234, "iscrowd": 0, "image_id": 184, "bbox": [105, 61, 18, 13], "category_id": 0, "id": 181, "ignore": 0, "segmentation": []}, {"area": 132, "iscrowd": 0, "image_id": 184, "bbox": [106, 86, 12, 11], "category_id": 0, "id": 182, "ignore": 0, "segmentation": []}, {"area": 70, "iscrowd": 0, "image_id": 184, "bbox": [0, 81, 7, 10], "category_id": 0, "id": 183, "ignore": 0, "segmentation": []}, {"area": 493, "iscrowd": 0, "image_id": 185, "bbox": [0, 8, 29, 17], "category_id": 0, "id": 184, "ignore": 0, "segmentation": []}, {"area": 696, "iscrowd": 0, "image_id": 185, "bbox": [20, 73, 29, 24], "category_id": 0, "id": 185, "ignore": 0, "segmentation": []}, {"area": 90, "iscrowd": 0, "image_id": 185, "bbox": [118, 112, 10, 9], "category_id": 0, "id": 186, "ignore": 0, "segmentation": []}, {"area": 286, "iscrowd": 0, "image_id": 186, "bbox": [10, 58, 26, 11], "category_id": 0, "id": 187, "ignore": 0, "segmentation": []}, {"area": 378, "iscrowd": 0, "image_id": 186, "bbox": [77, 34, 18, 21], "category_id": 0, "id": 188, "ignore": 0, "segmentation": []}, {"area": 182, "iscrowd": 0, "image_id": 186, "bbox": [96, 0, 13, 14], "category_id": 0, "id": 189, "ignore": 0, "segmentation": []}, {"area": 66, "iscrowd": 0, "image_id": 186, "bbox": [117, 0, 11, 6], "category_id": 0, "id": 190, "ignore": 0, "segmentation": []}, {"area": 72, "iscrowd": 0, "image_id": 187, "bbox": [13, 19, 8, 9], "category_id": 0, "id": 191, "ignore": 0, "segmentation": []}, {"area": 2193, "iscrowd": 0, "image_id": 187, "bbox": [34, 52, 51, 43], "category_id": 0, "id": 192, "ignore": 0, "segmentation": []}, {"area": 330, "iscrowd": 0, "image_id": 189, "bbox": [25, 72, 22, 15], "category_id": 0, "id": 193, "ignore": 0, "segmentation": []}, {"area": 88, "iscrowd": 0, "image_id": 190, "bbox": [38, 59, 11, 8], "category_id": 0, "id": 194, "ignore": 0, "segmentation": []}, {"area": 546, "iscrowd": 0, "image_id": 190, "bbox": [71, 47, 21, 26], "category_id": 0, "id": 195, "ignore": 0, "segmentation": []}, {"area": 1995, "iscrowd": 0, "image_id": 191, "bbox": [46, 33, 35, 57], "category_id": 0, "id": 196, "ignore": 0, "segmentation": []}, {"area": 182, "iscrowd": 0, "image_id": 191, "bbox": [93, 30, 14, 13], "category_id": 0, "id": 197, "ignore": 0, "segmentation": []}, {"area": 165, "iscrowd": 0, "image_id": 192, "bbox": [35, 35, 15, 11], "category_id": 0, "id": 198, "ignore": 0, "segmentation": []}, {"area": 468, "iscrowd": 0, "image_id": 192, "bbox": [51, 51, 26, 18], "category_id": 0, "id": 199, "ignore": 0, "segmentation": []}, {"area": 441, "iscrowd": 0, "image_id": 192, "bbox": [9, 92, 21, 21], "category_id": 0, "id": 200, "ignore": 0, "segmentation": []}, {"area": 1044, "iscrowd": 0, "image_id": 193, "bbox": [22, 39, 36, 29], "category_id": 0, "id": 201, "ignore": 0, "segmentation": []}, {"area": 135, "iscrowd": 0, "image_id": 193, "bbox": [108, 17, 9, 15], "category_id": 0, "id": 202, "ignore": 0, "segmentation": []}, {"area": 96, "iscrowd": 0, "image_id": 194, "bbox": [0, 54, 8, 12], "category_id": 0, "id": 203, "ignore": 0, "segmentation": []}, {"area": 1364, "iscrowd": 0, "image_id": 194, "bbox": [42, 19, 22, 62], "category_id": 0, "id": 204, "ignore": 0, "segmentation": []}, {"area": 308, "iscrowd": 0, "image_id": 194, "bbox": [63, 37, 14, 22], "category_id": 0, "id": 205, "ignore": 0, "segmentation": []}, {"area": 234, "iscrowd": 0, "image_id": 194, "bbox": [73, 76, 13, 18], "category_id": 0, "id": 206, "ignore": 0, "segmentation": []}, {"area": 525, "iscrowd": 0, "image_id": 194, "bbox": [82, 103, 21, 25], "category_id": 0, "id": 207, "ignore": 0, "segmentation": []}, {"area": 418, "iscrowd": 0, "image_id": 197, "bbox": [57, 33, 22, 19], "category_id": 0, "id": 208, "ignore": 0, "segmentation": []}, {"area": 840, "iscrowd": 0, "image_id": 199, "bbox": [94, 17, 28, 30], "category_id": 0, "id": 209, "ignore": 0, "segmentation": []}, {"area": 340, "iscrowd": 0, "image_id": 201, "bbox": [59, 47, 17, 20], "category_id": 0, "id": 210, "ignore": 0, "segmentation": []}, {"area": 486, "iscrowd": 0, "image_id": 203, "bbox": [53, 70, 27, 18], "category_id": 0, "id": 211, "ignore": 0, "segmentation": []}, {"area": 342, "iscrowd": 0, "image_id": 204, "bbox": [62, 23, 19, 18], "category_id": 0, "id": 212, "ignore": 0, "segmentation": []}, {"area": 253, "iscrowd": 0, "image_id": 204, "bbox": [50, 79, 11, 23], "category_id": 0, "id": 213, "ignore": 0, "segmentation": []}, {"area": 2397, "iscrowd": 0, "image_id": 205, "bbox": [41, 38, 47, 51], "category_id": 0, "id": 214, "ignore": 0, "segmentation": []}, {"area": 475, "iscrowd": 0, "image_id": 206, "bbox": [41, 40, 25, 19], "category_id": 0, "id": 215, "ignore": 0, "segmentation": []}, {"area": 1036, "iscrowd": 0, "image_id": 206, "bbox": [71, 46, 37, 28], "category_id": 0, "id": 216, "ignore": 0, "segmentation": []}, {"area": 234, "iscrowd": 0, "image_id": 206, "bbox": [110, 0, 18, 13], "category_id": 0, "id": 217, "ignore": 0, "segmentation": []}, {"area": 299, "iscrowd": 0, "image_id": 207, "bbox": [40, 42, 13, 23], "category_id": 0, "id": 218, "ignore": 0, "segmentation": []}, {"area": 868, "iscrowd": 0, "image_id": 207, "bbox": [68, 50, 28, 31], "category_id": 0, "id": 219, "ignore": 0, "segmentation": []}, {"area": 99, "iscrowd": 0, "image_id": 207, "bbox": [77, 88, 9, 11], "category_id": 0, "id": 220, "ignore": 0, "segmentation": []}, {"area": 121, "iscrowd": 0, "image_id": 207, "bbox": [117, 105, 11, 11], "category_id": 0, "id": 221, "ignore": 0, "segmentation": []}, {"area": 272, "iscrowd": 0, "image_id": 208, "bbox": [73, 101, 17, 16], "category_id": 0, "id": 222, "ignore": 0, "segmentation": []}, {"area": 285, "iscrowd": 0, "image_id": 211, "bbox": [35, 63, 19, 15], "category_id": 0, "id": 223, "ignore": 0, "segmentation": []}, {"area": 207, "iscrowd": 0, "image_id": 212, "bbox": [58, 40, 23, 9], "category_id": 0, "id": 224, "ignore": 0, "segmentation": []}, {"area": 100, "iscrowd": 0, "image_id": 217, "bbox": [15, 118, 10, 10], "category_id": 0, "id": 225, "ignore": 0, "segmentation": []}, {"area": 900, "iscrowd": 0, "image_id": 217, "bbox": [11, 99, 45, 20], "category_id": 0, "id": 226, "ignore": 0, "segmentation": []}, {"area": 210, "iscrowd": 0, "image_id": 218, "bbox": [78, 43, 15, 14], "category_id": 0, "id": 227, "ignore": 0, "segmentation": []}, {"area": 345, "iscrowd": 0, "image_id": 223, "bbox": [45, 42, 23, 15], "category_id": 0, "id": 228, "ignore": 0, "segmentation": []}, {"area": 1188, "iscrowd": 0, "image_id": 227, "bbox": [32, 31, 27, 44], "category_id": 0, "id": 229, "ignore": 0, "segmentation": []}, {"area": 340, "iscrowd": 0, "image_id": 227, "bbox": [108, 14, 20, 17], "category_id": 0, "id": 230, "ignore": 0, "segmentation": []}, {"area": 304, "iscrowd": 0, "image_id": 228, "bbox": [22, 28, 16, 19], "category_id": 0, "id": 231, "ignore": 0, "segmentation": []}, {"area": 529, "iscrowd": 0, "image_id": 230, "bbox": [44, 55, 23, 23], "category_id": 0, "id": 232, "ignore": 0, "segmentation": []}, {"area": 272, "iscrowd": 0, "image_id": 233, "bbox": [23, 50, 17, 16], "category_id": 0, "id": 233, "ignore": 0, "segmentation": []}, {"area": 448, "iscrowd": 0, "image_id": 237, "bbox": [23, 59, 16, 28], "category_id": 0, "id": 234, "ignore": 0, "segmentation": []}, {"area": 682, "iscrowd": 0, "image_id": 237, "bbox": [0, 4, 22, 31], "category_id": 0, "id": 235, "ignore": 0, "segmentation": []}, {"area": 1440, "iscrowd": 0, "image_id": 237, "bbox": [20, 90, 45, 32], "category_id": 0, "id": 236, "ignore": 0, "segmentation": []}, {"area": 132, "iscrowd": 0, "image_id": 238, "bbox": [29, 32, 12, 11], "category_id": 0, "id": 237, "ignore": 0, "segmentation": []}, {"area": 1120, "iscrowd": 0, "image_id": 238, "bbox": [72, 83, 35, 32], "category_id": 0, "id": 238, "ignore": 0, "segmentation": []}, {"area": 180, "iscrowd": 0, "image_id": 241, "bbox": [45, 20, 12, 15], "category_id": 0, "id": 239, "ignore": 0, "segmentation": []}, {"area": 1443, "iscrowd": 0, "image_id": 241, "bbox": [70, 61, 37, 39], "category_id": 0, "id": 240, "ignore": 0, "segmentation": []}, {"area": 2793, "iscrowd": 0, "image_id": 242, "bbox": [10, 71, 49, 57], "category_id": 0, "id": 241, "ignore": 0, "segmentation": []}, {"area": 121, "iscrowd": 0, "image_id": 244, "bbox": [55, 38, 11, 11], "category_id": 0, "id": 242, "ignore": 0, "segmentation": []}, {"area": 224, "iscrowd": 0, "image_id": 248, "bbox": [90, 63, 14, 16], "category_id": 0, "id": 243, "ignore": 0, "segmentation": []}, {"area": 165, "iscrowd": 0, "image_id": 251, "bbox": [0, 73, 15, 11], "category_id": 0, "id": 244, "ignore": 0, "segmentation": []}, {"area": 759, "iscrowd": 0, "image_id": 251, "bbox": [90, 76, 33, 23], "category_id": 0, "id": 245, "ignore": 0, "segmentation": []}, {"area": 99, "iscrowd": 0, "image_id": 252, "bbox": [31, 85, 11, 9], "category_id": 0, "id": 246, "ignore": 0, "segmentation": []}, {"area": 324, "iscrowd": 0, "image_id": 252, "bbox": [62, 35, 18, 18], "category_id": 0, "id": 247, "ignore": 0, "segmentation": []}, {"area": 304, "iscrowd": 0, "image_id": 253, "bbox": [28, 47, 19, 16], "category_id": 0, "id": 248, "ignore": 0, "segmentation": []}, {"area": 324, "iscrowd": 0, "image_id": 253, "bbox": [45, 28, 18, 18], "category_id": 0, "id": 249, "ignore": 0, "segmentation": []}, {"area": 506, "iscrowd": 0, "image_id": 255, "bbox": [21, 33, 23, 22], "category_id": 0, "id": 250, "ignore": 0, "segmentation": []}, {"area": 120, "iscrowd": 0, "image_id": 255, "bbox": [86, 54, 10, 12], "category_id": 0, "id": 251, "ignore": 0, "segmentation": []}, {"area": 483, "iscrowd": 0, "image_id": 256, "bbox": [41, 39, 23, 21], "category_id": 0, "id": 252, "ignore": 0, "segmentation": []}, {"area": 324, "iscrowd": 0, "image_id": 256, "bbox": [93, 108, 18, 18], "category_id": 0, "id": 253, "ignore": 0, "segmentation": []}, {"area": 231, "iscrowd": 0, "image_id": 257, "bbox": [62, 38, 21, 11], "category_id": 0, "id": 254, "ignore": 0, "segmentation": []}, {"area": 391, "iscrowd": 0, "image_id": 258, "bbox": [76, 24, 17, 23], "category_id": 0, "id": 255, "ignore": 0, "segmentation": []}, {"area": 784, "iscrowd": 0, "image_id": 259, "bbox": [51, 48, 28, 28], "category_id": 0, "id": 256, "ignore": 0, "segmentation": []}, {"area": 80, "iscrowd": 0, "image_id": 259, "bbox": [61, 20, 10, 8], "category_id": 0, "id": 257, "ignore": 0, "segmentation": []}, {"area": 98, "iscrowd": 0, "image_id": 260, "bbox": [0, 80, 7, 14], "category_id": 0, "id": 258, "ignore": 0, "segmentation": []}, {"area": 360, "iscrowd": 0, "image_id": 260, "bbox": [17, 100, 18, 20], "category_id": 0, "id": 259, "ignore": 0, "segmentation": []}, {"area": 1050, "iscrowd": 0, "image_id": 260, "bbox": [51, 42, 30, 35], "category_id": 0, "id": 260, "ignore": 0, "segmentation": []}, {"area": 529, "iscrowd": 0, "image_id": 260, "bbox": [49, 0, 23, 23], "category_id": 0, "id": 261, "ignore": 0, "segmentation": []}, {"area": 405, "iscrowd": 0, "image_id": 260, "bbox": [98, 34, 27, 15], "category_id": 0, "id": 262, "ignore": 0, "segmentation": []}, {"area": 190, "iscrowd": 0, "image_id": 260, "bbox": [25, 9, 10, 19], "category_id": 0, "id": 263, "ignore": 0, "segmentation": []}, {"area": 312, "iscrowd": 0, "image_id": 261, "bbox": [36, 69, 24, 13], "category_id": 0, "id": 264, "ignore": 0, "segmentation": []}, {"area": 220, "iscrowd": 0, "image_id": 261, "bbox": [107, 108, 20, 11], "category_id": 0, "id": 265, "ignore": 0, "segmentation": []}, {"area": 667, "iscrowd": 0, "image_id": 262, "bbox": [33, 38, 29, 23], "category_id": 0, "id": 266, "ignore": 0, "segmentation": []}, {"area": 1122, "iscrowd": 0, "image_id": 262, "bbox": [69, 64, 33, 34], "category_id": 0, "id": 267, "ignore": 0, "segmentation": []}, {"area": 3328, "iscrowd": 0, "image_id": 263, "bbox": [39, 18, 52, 64], "category_id": 0, "id": 268, "ignore": 0, "segmentation": []}, {"area": 156, "iscrowd": 0, "image_id": 263, "bbox": [114, 24, 13, 12], "category_id": 0, "id": 269, "ignore": 0, "segmentation": []}, {"area": 286, "iscrowd": 0, "image_id": 265, "bbox": [28, 43, 22, 13], "category_id": 0, "id": 270, "ignore": 0, "segmentation": []}, {"area": 143, "iscrowd": 0, "image_id": 265, "bbox": [64, 37, 13, 11], "category_id": 0, "id": 271, "ignore": 0, "segmentation": []}, {"area": 720, "iscrowd": 0, "image_id": 265, "bbox": [34, 71, 30, 24], "category_id": 0, "id": 272, "ignore": 0, "segmentation": []}, {"area": 408, "iscrowd": 0, "image_id": 265, "bbox": [74, 61, 24, 17], "category_id": 0, "id": 273, "ignore": 0, "segmentation": []}, {"area": 288, "iscrowd": 0, "image_id": 266, "bbox": [1, 32, 16, 18], "category_id": 0, "id": 274, "ignore": 0, "segmentation": []}, {"area": 286, "iscrowd": 0, "image_id": 266, "bbox": [60, 36, 13, 22], "category_id": 0, "id": 275, "ignore": 0, "segmentation": []}, {"area": 304, "iscrowd": 0, "image_id": 266, "bbox": [58, 65, 19, 16], "category_id": 0, "id": 276, "ignore": 0, "segmentation": []}, {"area": 126, "iscrowd": 0, "image_id": 267, "bbox": [69, 0, 14, 9], "category_id": 0, "id": 277, "ignore": 0, "segmentation": []}, {"area": 156, "iscrowd": 0, "image_id": 267, "bbox": [50, 14, 12, 13], "category_id": 0, "id": 278, "ignore": 0, "segmentation": []}, {"area": 140, "iscrowd": 0, "image_id": 267, "bbox": [49, 65, 14, 10], "category_id": 0, "id": 279, "ignore": 0, "segmentation": []}, {"area": 99, "iscrowd": 0, "image_id": 267, "bbox": [75, 53, 11, 9], "category_id": 0, "id": 280, "ignore": 0, "segmentation": []}, {"area": 325, "iscrowd": 0, "image_id": 267, "bbox": [47, 46, 25, 13], "category_id": 0, "id": 281, "ignore": 0, "segmentation": []}, {"area": 190, "iscrowd": 0, "image_id": 267, "bbox": [109, 63, 19, 10], "category_id": 0, "id": 282, "ignore": 0, "segmentation": []}, {"area": 407, "iscrowd": 0, "image_id": 268, "bbox": [31, 20, 37, 11], "category_id": 0, "id": 283, "ignore": 0, "segmentation": []}, {"area": 108, "iscrowd": 0, "image_id": 268, "bbox": [46, 56, 12, 9], "category_id": 0, "id": 284, "ignore": 0, "segmentation": []}, {"area": 117, "iscrowd": 0, "image_id": 268, "bbox": [61, 42, 13, 9], "category_id": 0, "id": 285, "ignore": 0, "segmentation": []}, {"area": 380, "iscrowd": 0, "image_id": 268, "bbox": [61, 68, 20, 19], "category_id": 0, "id": 286, "ignore": 0, "segmentation": []}, {"area": 216, "iscrowd": 0, "image_id": 268, "bbox": [63, 52, 18, 12], "category_id": 0, "id": 287, "ignore": 0, "segmentation": []}, {"area": 81, "iscrowd": 0, "image_id": 268, "bbox": [80, 45, 9, 9], "category_id": 0, "id": 288, "ignore": 0, "segmentation": []}, {"area": 525, "iscrowd": 0, "image_id": 268, "bbox": [103, 65, 25, 21], "category_id": 0, "id": 289, "ignore": 0, "segmentation": []}, {"area": 432, "iscrowd": 0, "image_id": 268, "bbox": [104, 101, 24, 18], "category_id": 0, "id": 290, "ignore": 0, "segmentation": []}, {"area": 414, "iscrowd": 0, "image_id": 269, "bbox": [46, 53, 18, 23], "category_id": 0, "id": 291, "ignore": 0, "segmentation": []}, {"area": 340, "iscrowd": 0, "image_id": 269, "bbox": [69, 45, 17, 20], "category_id": 0, "id": 292, "ignore": 0, "segmentation": []}, {"area": 320, "iscrowd": 0, "image_id": 269, "bbox": [0, 0, 20, 16], "category_id": 0, "id": 293, "ignore": 0, "segmentation": []}, {"area": 4284, "iscrowd": 0, "image_id": 270, "bbox": [38, 12, 51, 84], "category_id": 0, "id": 294, "ignore": 0, "segmentation": []}, {"area": 1240, "iscrowd": 0, "image_id": 270, "bbox": [95, 42, 31, 40], "category_id": 0, "id": 295, "ignore": 0, "segmentation": []}, {"area": 3773, "iscrowd": 0, "image_id": 271, "bbox": [45, 20, 49, 77], "category_id": 0, "id": 296, "ignore": 0, "segmentation": []}, {"area": 1435, "iscrowd": 0, "image_id": 275, "bbox": [2, 0, 41, 35], "category_id": 0, "id": 297, "ignore": 0, "segmentation": []}, {"area": 256, "iscrowd": 0, "image_id": 277, "bbox": [75, 22, 16, 16], "category_id": 0, "id": 298, "ignore": 0, "segmentation": []}, {"area": 210, "iscrowd": 0, "image_id": 278, "bbox": [44, 38, 10, 21], "category_id": 0, "id": 299, "ignore": 0, "segmentation": []}, {"area": 260, "iscrowd": 0, "image_id": 278, "bbox": [58, 38, 26, 10], "category_id": 0, "id": 300, "ignore": 0, "segmentation": []}, {"area": 288, "iscrowd": 0, "image_id": 278, "bbox": [68, 64, 12, 24], "category_id": 0, "id": 301, "ignore": 0, "segmentation": []}, {"area": 377, "iscrowd": 0, "image_id": 278, "bbox": [90, 99, 13, 29], "category_id": 0, "id": 302, "ignore": 0, "segmentation": []}, {"area": 270, "iscrowd": 0, "image_id": 279, "bbox": [52, 7, 18, 15], "category_id": 0, "id": 303, "ignore": 0, "segmentation": []}, {"area": 121, "iscrowd": 0, "image_id": 280, "bbox": [69, 71, 11, 11], "category_id": 0, "id": 304, "ignore": 0, "segmentation": []}, {"area": 984, "iscrowd": 0, "image_id": 282, "bbox": [53, 48, 24, 41], "category_id": 0, "id": 305, "ignore": 0, "segmentation": []}, {"area": 616, "iscrowd": 0, "image_id": 283, "bbox": [67, 51, 28, 22], "category_id": 0, "id": 306, "ignore": 0, "segmentation": []}, {"area": 7280, "iscrowd": 0, "image_id": 285, "bbox": [28, 3, 70, 104], "category_id": 0, "id": 307, "ignore": 0, "segmentation": []}, {"area": 476, "iscrowd": 0, "image_id": 287, "bbox": [14, 50, 28, 17], "category_id": 0, "id": 308, "ignore": 0, "segmentation": []}, {"area": 870, "iscrowd": 0, "image_id": 287, "bbox": [44, 9, 30, 29], "category_id": 0, "id": 309, "ignore": 0, "segmentation": []}, {"area": 4356, "iscrowd": 0, "image_id": 290, "bbox": [0, 62, 66, 66], "category_id": 0, "id": 310, "ignore": 0, "segmentation": []}, {"area": 156, "iscrowd": 0, "image_id": 292, "bbox": [34, 41, 13, 12], "category_id": 0, "id": 311, "ignore": 0, "segmentation": []}], "categories": [{"supercategory": "none", "id": 0, "name": "alloviz"}]}